id,name,username,gender,salary
1,Hermine Heffron,hheffron0,Female,29986
2,Tressa McGreary,tmcgreary1,Agender,45836
3,Inglis Vyel,ivyel2,Male,90925
4,Walt Blazewicz,wblazewicz3,Male,61809
5,Carlota Pirdy,cpirdy4,Agender,94841
6,Corrinne Letchford,cletchford5,Female,93082
7,Zandra Robillard,zrobillard6,Female,85471
8,Alyce Prangnell,aprangnell7,Female,18189
9,Scottie Blewitt,sblewitt8,Male,95161
10,Duffie Allebone,dallebone9,Male,24982
11,Ricca Tonsley,rtonsleya,Female,88089
12,Cross Ibotson,cibotsonb,Male,59741
13,Eziechiele Bowcher,ebowcherc,Male,90642
14,Kev Churchill,kchurchilld,Male,64603
15,Berrie Gooderson,bgoodersone,Agender,40076
16,West Stubbings,wstubbingsf,Male,22882
17,Davidde Van Brug,dvang,Genderqueer,77564
18,Forester Squires,fsquiresh,Male,31198
19,Sarene Furze,sfurzei,Female,57723
20,Dorine Townend,dtownendj,Non-binary,93332
21,Marcie Callington,mcallingtonk,Female,29500
22,Laurence Labbez,llabbezl,Male,47626
23,Kala Copcott,kcopcottm,Female,79485
24,Virge Fernely,vfernelyn,Male,61033
25,Liam Venditti,lvendittio,Male,99261
26,Elli Winsome,ewinsomep,Female,56064
27,Shelden Scapelhorn,sscapelhornq,Male,62784
28,Marisa Garstang,mgarstangr,Female,72607
29,Amalea Clitsome,aclitsomes,Female,49878
30,Bernice Ashburne,bashburnet,Female,34986
31,Alasteir Sowthcote,asowthcoteu,Genderqueer,97423
32,Pietrek Bernardes,pbernardesv,Genderfluid,84192
33,Dean Sijmons,dsijmonsw,Genderfluid,51236
34,Montgomery Labbe,mlabbex,Male,34234
35,Calley Meachan,cmeachany,Female,45528
36,Winfred Morcombe,wmorcombez,Male,51725
37,Marlowe Onthank,monthank10,Male,12290
38,Eddi Ashworth,eashworth11,Female,48366
39,Kora Garnham,kgarnham12,Female,90953
40,Kris Haddow,khaddow13,Female,23057
41,Sonnie Headingham,sheadingham14,Female,31623
42,Cristie Gridley,cgridley15,Female,82025
43,Avigdor Cuddon,acuddon16,Male,89610
44,Merna Varty,mvarty17,Female,61142
45,Vasily Skillicorn,vskillicorn18,Male,12236
46,Hilton Burgne,hburgne19,Male,41440
47,Aline Baldassi,abaldassi1a,Female,25906
48,Hurley Colley,hcolley1b,Male,18927
49,Javier Cleever,jcleever1c,Non-binary,21792
50,Cthrine Wadley,cwadley1d,Female,82557
51,Georgi Maddaford,gmaddaford1e,Polygender,31581
52,Evered Windibank,ewindibank1f,Male,75866
53,Burt Defont,bdefont1g,Male,70036
54,Evangeline Meenehan,emeenehan1h,Female,29614
55,Salvatore Trundle,strundle1i,Male,74519
56,Theodor Freeth,tfreeth1j,Male,81288
57,Tybie Beneyto,tbeneyto1k,Female,58565
58,Marshal Stag,mstag1l,Male,90596
59,Nancie Haston,nhaston1m,Female,84631
60,Cortie Teffrey,cteffrey1n,Male,15751
61,Robers Stanier,rstanier1o,Male,90074
62,Marylee Ibarra,mibarra1p,Female,23413
63,Sandy Arney,sarney1q,Female,43371
64,Jermayne Rutigliano,jrutigliano1r,Male,55277
65,Cathyleen Gove,cgove1s,Female,86108
66,Eric Steel,esteel1t,Male,17911
67,Rabbi McConaghy,rmcconaghy1u,Male,51644
68,Corty Payler,cpayler1v,Male,97352
69,Loraine Pieper,lpieper1w,Female,13907
70,Felike Seston,fseston1x,Male,69507
71,Hesther Petrusch,hpetrusch1y,Female,30934
72,Erika Portsmouth,eportsmouth1z,Female,81154
73,Wilden Fonzo,wfonzo20,Polygender,79489
74,North Hammonds,nhammonds21,Male,17088
75,Kristi Rainy,krainy22,Female,70569
76,Burtie De Rye Barrett,bde23,Male,41431
77,Brucie Boorman,bboorman24,Male,17795
78,Sander Schutte,sschutte25,Male,35918
79,Liva Babbs,lbabbs26,Female,54821
80,Roseanna Vile,rvile27,Female,31859
81,Roxi Fibben,rfibben28,Female,35512
82,Basile Guess,bguess29,Male,56011
83,Clywd Plomer,cplomer2a,Male,96490
84,Jammal Barfford,jbarfford2b,Male,62726
85,Lezley Crisall,lcrisall2c,Polygender,34438
86,Tiffanie Burston,tburston2d,Female,94621
87,Doroteya Ormshaw,dormshaw2e,Female,54912
88,Thebault Lancett,tlancett2f,Male,68882
89,Ashby Stockoe,astockoe2g,Male,44450
90,Aurelie Boorne,aboorne2h,Female,66835
91,Saunderson Croucher,scroucher2i,Male,67748
92,Shanan Stringman,sstringman2j,Male,54675
93,Wilona Lindberg,wlindberg2k,Female,70298
94,Kevan Josselson,kjosselson2l,Male,25269
95,Grethel Egalton,gegalton2m,Female,59729
96,Avigdor Mirams,amirams2n,Male,72856
97,Cully Sincock,csincock2o,Male,65056
98,Pate Sommerly,psommerly2p,Male,79637
99,Letisha Drohane,ldrohane2q,Female,96110
100,Giralda Giovanitti,ggiovanitti2r,Female,75712
101,Vernen Gammett,vgammett2s,Male,62752
102,Claiborn Cosbee,ccosbee2t,Male,23460
103,Emalia Edgcombe,eedgcombe2u,Female,73093
104,Price Give,pgive2v,Male,43392
105,Brennen Goose,bgoose2w,Male,57607
106,Jyoti Maddox,jmaddox2x,Female,53002
107,Gardie Edmonds,gedmonds2y,Male,39627
108,Trueman Endrici,tendrici2z,Male,40322
109,Pren Beckley,pbeckley30,Male,50171
110,Micheil Matfin,mmatfin31,Male,44848
111,Tab Penny,tpenny32,Genderfluid,93821
112,Leanna Clampe,lclampe33,Female,59875
113,Ericka Ingledow,eingledow34,Female,12323
114,Quintus Stentiford,qstentiford35,Male,92945
115,Abbie Justis,ajustis36,Female,50765
116,Peria Trousdale,ptrousdale37,Female,30490
117,Eberhard Borghese,eborghese38,Male,96166
118,Suzie Nolda,snolda39,Female,41465
119,Irving Skett,iskett3a,Non-binary,62767
120,Darryl Eisak,deisak3b,Agender,91606
121,Annmaria Saddler,asaddler3c,Female,88366
122,Clifford Henstridge,chenstridge3d,Male,92655
123,Uri Dine-Hart,udinehart3e,Male,40660
124,Barry Biernat,bbiernat3f,Male,50399
125,Daryn L'Episcopi,dlepiscopi3g,Female,70682
126,Margo Barriball,mbarriball3h,Female,79009
127,Alie Kingsman,akingsman3i,Female,48752
128,Adan Ailsbury,aailsbury3j,Female,73024
129,Harold Clapp,hclapp3k,Male,80959
130,Carleton Southgate,csouthgate3l,Male,41395
131,Jackson Coom,jcoom3m,Male,69381
132,Elliot Aronstein,earonstein3n,Male,67007
133,Devin Brimham,dbrimham3o,Male,14799
134,Georgie Lindelof,glindelof3p,Male,39182
135,Tobin Lethardy,tlethardy3q,Male,28173
136,Nil Lewnden,nlewnden3r,Male,53185
137,Elsbeth Sunderland,esunderland3s,Female,89828
138,Wendell Baskwell,wbaskwell3t,Male,73540
139,Lola Pidon,lpidon3u,Non-binary,92156
140,Zita Medland,zmedland3v,Female,60882
141,Ludovico Rostern,lrostern3w,Male,15942
142,Brenden Twitty,btwitty3x,Male,75385
143,Hugh Sorrie,hsorrie3y,Male,89336
144,Myra McWhorter,mmcwhorter3z,Female,46296
145,Rogers Mushrow,rmushrow40,Male,90935
146,Doris Boothroyd,dboothroyd41,Female,32705
147,Linnell Swindell,lswindell42,Female,60641
148,Gaven Bertolin,gbertolin43,Male,71424
149,Ian Dinsdale,idinsdale44,Male,29914
150,Hermie Hiscoe,hhiscoe45,Male,57185
151,Conn Wane,cwane46,Male,21798
152,Khalil Kneeland,kkneeland47,Male,50254
153,Raoul Mabone,rmabone48,Male,11515
154,Dewey Stanwix,dstanwix49,Male,34549
155,Dari Grzegorczyk,dgrzegorczyk4a,Female,22345
156,Bank Bachmann,bbachmann4b,Male,13194
157,Edmon Breinlein,ebreinlein4c,Male,15864
158,Brion Brinsford,bbrinsford4d,Male,57915
159,Leoine Stansfield,lstansfield4e,Agender,96957
160,Beltran Abden,babden4f,Male,56925
161,Terrie Jantet,tjantet4g,Female,86399
162,Julia Samwaye,jsamwaye4h,Female,74454
163,Tommie Triplett,ttriplett4i,Female,91553
164,Catie Texton,ctexton4j,Female,36217
165,Fredi Hembling,fhembling4k,Female,85714
166,Thibaut Seedman,tseedman4l,Male,27664
167,Hank Racine,hracine4m,Male,99455
168,Silvester Leal,sleal4n,Male,43631
169,Karlie Haryngton,kharyngton4o,Female,53404
170,Alyss Duckett,aduckett4p,Female,38083
171,Reggis Sey,rsey4q,Male,76834
172,Devin Archer,darcher4r,Genderqueer,97928
173,Benedetta Kleinplac,bkleinplac4s,Female,89315
174,Florentia Draycott,fdraycott4t,Female,23881
175,Alana Lavalde,alavalde4u,Female,84347
176,Judi Alday,jalday4v,Female,70906
177,Brandie Barens,bbarens4w,Female,44660
178,Arin Banham,abanham4x,Non-binary,17972
179,Ernst Croote,ecroote4y,Male,89029
180,Kattie Shortt,kshortt4z,Female,39392
181,Gwen Franzonetti,gfranzonetti50,Female,14761
182,Wilfred Pettitt,wpettitt51,Male,85442
183,Jobie Alflat,jalflat52,Female,41340
184,Kinnie Abson,kabson53,Male,71012
185,Rafael Roots,rroots54,Male,38784
186,Christoph Millberg,cmillberg55,Male,15350
187,Elinor Fyfe,efyfe56,Female,78374
188,Kiah Sharram,ksharram57,Female,17391
189,Saraann Kerman,skerman58,Bigender,26712
190,Forest Finnes,ffinnes59,Agender,22987
191,Rhianon Crichmer,rcrichmer5a,Female,35748
192,Latrena Griffitt,lgriffitt5b,Female,15651
193,Stanwood Buddles,sbuddles5c,Male,53025
194,Julee Cufley,jcufley5d,Female,54017
195,Miner Minguet,mminguet5e,Male,68478
196,Ingamar Walsham,iwalsham5f,Male,69651
197,Fabe Martellini,fmartellini5g,Male,92255
198,Clarabelle Goggan,cgoggan5h,Female,52745
199,Kip Penwright,kpenwright5i,Male,22565
200,Nichole Arrandale,narrandale5j,Male,37929
201,Sherlock Gipp,sgipp5k,Male,22326
202,Husein Das,hdas5l,Male,57186
203,Amie Collard,acollard5m,Female,73532
204,Alessandra Maddocks,amaddocks5n,Female,25708
205,Mariejeanne Robotham,mrobotham5o,Female,63796
206,Kane Mungham,kmungham5p,Male,62307
207,Tome Wealthall,twealthall5q,Male,93085
208,Shena Samworth,ssamworth5r,Female,28822
209,Rick Pau,rpau5s,Male,51277
210,Morlee Richardson,mrichardson5t,Male,58823
211,Phillie Littler,plittler5u,Female,16766
212,Rudd Reany,rreany5v,Male,37339
213,Merridie Pregal,mpregal5w,Female,68527
214,Kerry Binfield,kbinfield5x,Female,68496
215,Field Raiman,fraiman5y,Genderqueer,15038
216,Saundra Daviot,sdaviot5z,Female,22080
217,Lind Elcombe,lelcombe60,Female,84798
218,Ardath Caroli,acaroli61,Female,80363
219,Patsy Spottiswoode,pspottiswoode62,Female,46688
220,Munroe Affron,maffron63,Male,58290
221,Finn Yanuk,fyanuk64,Male,36071
222,Morly Willey,mwilley65,Male,53883
223,Arlene Trulocke,atrulocke66,Female,12594
224,Albert Hellsdon,ahellsdon67,Male,74440
225,Aurelie Pogg,apogg68,Female,41000
226,Scarlet Brettle,sbrettle69,Female,87774
227,Pen Gittus,pgittus6a,Male,75804
228,Brigida Desouza,bdesouza6b,Polygender,39371
229,Leelah Jackling,ljackling6c,Female,43443
230,Gay Jimmison,gjimmison6d,Female,69449
231,Donny Christon,dchriston6e,Male,22031
232,Olivero Iles,oiles6f,Male,31327
233,Glynnis Mollett,gmollett6g,Female,73284
234,Ranique Ellaway,rellaway6h,Bigender,41399
235,Dannye Tash,dtash6i,Female,69348
236,Rube L'Episcopi,rlepiscopi6j,Male,79485
237,Shayna Klimecki,sklimecki6k,Female,32493
238,Annabel Cullingworth,acullingworth6l,Female,15230
239,Ainslee Ferens,aferens6m,Female,78244
240,Gawain Garter,ggarter6n,Male,76472
241,Myrtle Torregiani,mtorregiani6o,Female,29362
242,Samantha Pineaux,spineaux6p,Female,53756
243,Omero Tubridy,otubridy6q,Male,60407
244,Dario Pinkerton,dpinkerton6r,Male,60420
245,Reyna MacDougal,rmacdougal6s,Female,69683
246,Carry Wawer,cwawer6t,Female,60662
247,Christabella Kiossel,ckiossel6u,Female,57236
248,Ferrell Mordanti,fmordanti6v,Male,32785
249,Lane Balas,lbalas6w,Female,40101
250,Jessie Mourbey,jmourbey6x,Male,98248
251,Carin Duetsche,cduetsche6y,Female,75619
252,Gavan Shinfield,gshinfield6z,Male,92907
253,Micki Parffrey,mparffrey70,Female,83546
254,Dina Braddock,dbraddock71,Female,96223
255,Lucius Hebborn,lhebborn72,Male,62456
256,Bobbie Barday,bbarday73,Female,94410
257,Amby Cowitz,acowitz74,Male,67407
258,Odille Novak,onovak75,Female,10139
259,Roberto Maulkin,rmaulkin76,Male,48636
260,Joyan Coat,jcoat77,Female,58216
261,Valentino Harraway,vharraway78,Male,49458
262,Daloris Luddy,dluddy79,Genderqueer,11133
263,Abie Berrey,aberrey7a,Male,64998
264,Roseanna Borchardt,rborchardt7b,Female,50971
265,Hall Easterby,heasterby7c,Agender,47300
266,Aurelia Urey,aurey7d,Female,60329
267,Benito Gierth,bgierth7e,Male,99454
268,Filippa Swanbourne,fswanbourne7f,Female,35321
269,Norbert Yerrill,nyerrill7g,Male,38898
270,Daile Works,dworks7h,Bigender,92028
271,Devina Bonus,dbonus7i,Female,11896
272,Druci Dunthorne,ddunthorne7j,Female,11229
273,Corry Berringer,cberringer7k,Female,41572
274,Aleksandr Sherborn,asherborn7l,Male,74662
275,Claudell Ethington,cethington7m,Male,32620
276,Darby Macartney,dmacartney7n,Female,51013
277,Lynne Wimmer,lwimmer7o,Female,71459
278,Waneta Rankling,wrankling7p,Female,99003
279,Ewell Vannacci,evannacci7q,Male,41030
280,Moises Duckerin,mduckerin7r,Non-binary,75569
281,Darbee Van der Krui,dvan7s,Male,84755
282,Concettina Pickford,cpickford7t,Female,45072
283,Nealy Housden,nhousden7u,Male,18792
284,Wanda Dubbin,wdubbin7v,Female,62846
285,Russ Seleway,rseleway7w,Male,82568
286,Rickie Pyson,rpyson7x,Agender,50856
287,Kalli Simms,ksimms7y,Female,49389
288,Sara-ann Durban,sdurban7z,Female,82498
289,Fabien Kuhne,fkuhne80,Male,79257
290,Carmel Wedge,cwedge81,Female,66331
291,Ophelie Sparry,osparry82,Bigender,13877
292,Janey Andrew,jandrew83,Female,94061
293,Anselma Cumes,acumes84,Female,23981
294,Hendrik Olohan,holohan85,Polygender,89284
295,Marten Galvin,mgalvin86,Male,42514
296,Corrinne Slatter,cslatter87,Female,97077
297,Chrissie Carluccio,ccarluccio88,Male,35934
298,Josy Carnduff,jcarnduff89,Female,92418
299,Mack Fairbrother,mfairbrother8a,Male,36908
300,Grissel Leyburn,gleyburn8b,Female,30871
301,Steffen Kirlin,skirlin8c,Male,46487
302,Juline Wickins,jwickins8d,Female,97868
303,Antonin Pitchford,apitchford8e,Male,20769
304,Chen Kuzemka,ckuzemka8f,Male,80619
305,Neddie Measor,nmeasor8g,Male,45720
306,Raynell Fairburne,rfairburne8h,Female,34976
307,Janean Cosby,jcosby8i,Female,73087
308,Adoree Sneezem,asneezem8j,Female,12704
309,Lombard Padberry,lpadberry8k,Male,53499
310,Kathryne Gellier,kgellier8l,Female,53228
311,Diena Poupard,dpoupard8m,Female,80007
312,Ave Lademann,alademann8n,Male,51299
313,Kendal Kitcat,kkitcat8o,Male,46979
314,Max Mowatt,mmowatt8p,Male,57945
315,Bill Posen,bposen8q,Polygender,45674
316,Leta Claussen,lclaussen8r,Female,27387
317,Lisabeth Banisch,lbanisch8s,Female,74185
318,Chastity Capron,ccapron8t,Female,97783
319,Arnie Gyrgorwicx,agyrgorwicx8u,Male,33825
320,Alejoa Brankley,abrankley8v,Male,28337
321,Regan Largent,rlargent8w,Male,74168
322,Estevan Lomasney,elomasney8x,Male,43448
323,Brandais Acedo,bacedo8y,Agender,65782
324,Vin Semrad,vsemrad8z,Male,30702
325,Franzen Juggins,fjuggins90,Male,66301
326,Dena Saket,dsaket91,Bigender,73552
327,Waylin Batt,wbatt92,Male,17312
328,Josiah Tonepohl,jtonepohl93,Polygender,61834
329,Lian Glabach,lglabach94,Female,66812
330,Adi Melmoth,amelmoth95,Female,96813
331,Auria Jorger,ajorger96,Female,54015
332,Blanca Hamber,bhamber97,Agender,55395
333,Ellary Skarr,eskarr98,Male,52960
334,Nolie Hansell,nhansell99,Female,70561
335,Maure Etoile,metoile9a,Female,97941
336,Rudyard Corde,rcorde9b,Male,13032
337,Klara Towe,ktowe9c,Female,72264
338,Hailey Mooring,hmooring9d,Male,53501
339,Gayle Hanselmann,ghanselmann9e,Bigender,23131
340,Mari Whimpenny,mwhimpenny9f,Female,73195
341,Reinold MacAnelley,rmacanelley9g,Male,90928
342,Carny Deegin,cdeegin9h,Male,50460
343,Dallas Headington,dheadington9i,Male,26604
344,Lionel Geill,lgeill9j,Male,96637
345,Mason Burge,mburge9k,Male,66870
346,Tobiah Maffi,tmaffi9l,Male,85816
347,Hilary Pycock,hpycock9m,Female,95849
348,Kristel O'Garmen,kogarmen9n,Female,17996
349,Lou Beardsell,lbeardsell9o,Female,90723
350,Dannel Godden,dgodden9p,Male,25780
351,Ximenes Pavolillo,xpavolillo9q,Polygender,53387
352,Bunnie MacGibbon,bmacgibbon9r,Female,76809
353,Osborne Eley,oeley9s,Male,80090
354,Elsbeth Kummerlowe,ekummerlowe9t,Female,39461
355,Birdie Catonnet,bcatonnet9u,Bigender,45520
356,Sebastiano Parrot,sparrot9v,Male,57584
357,Willy Yurov,wyurov9w,Female,49009
358,Valentijn Whooley,vwhooley9x,Male,71646
359,Chas Koubu,ckoubu9y,Male,96612
360,Solomon McAuliffe,smcauliffe9z,Male,77288
361,Evangeline Addington,eaddingtona0,Non-binary,94277
362,Hermy Oty,hotya1,Male,42587
363,Siobhan Kacheller,skachellera2,Female,81105
364,Burnaby Janzen,bjanzena3,Male,67183
365,Allegra MacGoun,amacgouna4,Female,90656
366,Guido Bickerdike,gbickerdikea5,Male,37094
367,Gratiana Reddell,greddella6,Female,90099
368,Drusy Kristoffersen,dkristoffersena7,Female,81280
369,Allis Cordle,acordlea8,Female,37363
370,Manolo Zanicchelli,mzanicchellia9,Male,83338
371,Lolita Doerling,ldoerlingaa,Female,75478
372,Dov Aronstam,daronstamab,Male,32961
373,Hussein Chedzoy,hchedzoyac,Male,88506
374,Muriel Pymer,mpymerad,Female,45964
375,Kass Cremer,kcremerae,Female,26632
376,Jerad Eilles,jeillesaf,Male,70994
377,Karissa Bown,kbownag,Female,75563
378,Joycelin Tertre,jtertreah,Agender,26303
379,Terrance Beasleigh,tbeasleighai,Male,39266
380,Sancho Beaufoy,sbeaufoyaj,Male,84794
381,Belva Gibbetts,bgibbettsak,Female,12184
382,Aubine Burtenshaw,aburtenshawal,Female,37869
383,Judye Heinonen,jheinonenam,Female,80562
384,Aguste Denman,adenmanan,Male,70914
385,Margarete Eggleson,megglesonao,Female,61363
386,Fairlie Jurczik,fjurczikap,Genderfluid,95191
387,Valentine Towey,vtoweyaq,Female,88836
388,Jackson Harmeston,jharmestonar,Male,75145
389,Sarita Snalham,ssnalhamas,Female,81649
390,Claudelle Gibbie,cgibbieat,Female,37012
391,Niels Hackelton,nhackeltonau,Male,81137
392,Amii Bigglestone,abigglestoneav,Female,69481
393,Daria Stanbrooke,dstanbrookeaw,Female,22955
394,Stormy Messingham,smessinghamax,Female,45776
395,Sandy Paumier,spaumieray,Female,89293
396,Gare Peinke,gpeinkeaz,Male,95271
397,Francyne Hatherleigh,fhatherleighb0,Female,50787
398,Webster Dredge,wdredgeb1,Male,82463
399,Emmott Coop,ecoopb2,Male,49511
400,Dinny Erington,deringtonb3,Female,79932
401,Raquel Morrowe,rmorroweb4,Female,72475
402,Natalya Wardle,nwardleb5,Female,76543
403,Cahra Haulkham,chaulkhamb6,Bigender,42905
404,Corbin Tadgell,ctadgellb7,Male,40178
405,Kailey Tesoe,ktesoeb8,Polygender,84623
406,Darrelle Campos,dcamposb9,Female,95497
407,Leonard Ivashechkin,livashechkinba,Male,35855
408,Mallorie Groneway,mgronewaybb,Female,26427
409,Matty Shreenan,mshreenanbc,Female,92341
410,Kennan Happel,khappelbd,Agender,14760
411,Veronika Haye,vhayebe,Female,32465
412,Lexie Dunnett,ldunnettbf,Female,55842
413,Goraud Prewer,gprewerbg,Male,82916
414,Griffith Bartels-Ellis,gbartelsellisbh,Male,20755
415,Charyl Chittleburgh,cchittleburghbi,Female,39416
416,Dawn Getty,dgettybj,Female,85483
417,Olympe Arnowitz,oarnowitzbk,Female,12896
418,Bard Gimblet,bgimbletbl,Male,74302
419,Alissa Quarterman,aquartermanbm,Female,68726
420,Adrien Ianelli,aianellibn,Male,64902
421,Evered Abramski,eabramskibo,Male,96595
422,Lane Arndell,larndellbp,Male,34457
423,Bartel Alenichev,balenichevbq,Male,60601
424,Constantine Kobelt,ckobeltbr,Bigender,19996
425,Abbott McPartling,amcpartlingbs,Male,21675
426,Gerek Curman,gcurmanbt,Male,63749
427,Dorise Headon,dheadonbu,Female,56313
428,Bernelle Grassot,bgrassotbv,Female,89776
429,Jilleen Scorer,jscorerbw,Female,16433
430,Charissa Derx,cderxbx,Female,57252
431,Tuesday Cardenosa,tcardenosaby,Female,86321
432,Ninon Lorrain,nlorrainbz,Female,31462
433,Matthew Giottoi,mgiottoic0,Male,96521
434,Elwood Courteney,ecourteneyc1,Male,50664
435,Shannen Bryden,sbrydenc2,Female,42293
436,Conant Chaffen,cchaffenc3,Male,97130
437,Frederico Pothergill,fpothergillc4,Male,47555
438,Bryn MacDonnell,bmacdonnellc5,Female,62246
439,Heywood Fogarty,hfogartyc6,Male,59652
440,Rurik Le Grice,rlec7,Male,60200
441,Morris McCarlie,mmccarliec8,Male,35085
442,Lilli Barge,lbargec9,Female,26822
443,Briney McKernon,bmckernonca,Female,37911
444,Ferrell Iacobo,fiacobocb,Male,42168
445,Prudence Odgaard,podgaardcc,Female,54251
446,Hadria Lynch,hlynchcd,Female,76595
447,Morris McLeman,mmclemance,Male,32934
448,Jeanette Soal,jsoalcf,Non-binary,23894
449,Maddalena Huertas,mhuertascg,Female,89916
450,Harriot Messier,hmessierch,Polygender,98146
451,Vinson Eastabrook,veastabrookci,Male,47473
452,Abbye Drover,adrovercj,Agender,89523
453,Lowrance Stoyles,lstoylesck,Male,48281
454,Aldwin Jahnig,ajahnigcl,Male,73292
455,Mendie Eaves,meavescm,Male,78160
456,Inga Ironside,iironsidecn,Female,58250
457,Sammie Bowlesworth,sbowlesworthco,Male,33965
458,Melina Whyatt,mwhyattcp,Female,40413
459,Sherlock Gagan,sgagancq,Male,25291
460,Hillery Burkin,hburkincr,Male,44370
461,Melva Adolf,madolfcs,Female,66552
462,Lennard Driutti,ldriuttict,Male,70122
463,Glynnis Gilpin,ggilpincu,Female,75306
464,Elmore Haseman,ehasemancv,Male,49108
465,Sula St Leger,sstcw,Female,48935
466,Clio Cregg,ccreggcx,Polygender,87804
467,Torry Klimes,tklimescy,Male,36131
468,Nikolai Canet,ncanetcz,Male,12762
469,Fanya Kilby,fkilbyd0,Female,38494
470,Cheryl Pyer,cpyerd1,Female,95875
471,Ermin Grichukhin,egrichukhind2,Male,31250
472,Greg Godleman,ggodlemand3,Agender,91037
473,Yolane Suthren,ysuthrend4,Female,11894
474,Gayle Nottram,gnottramd5,Male,64087
475,Pamelina Coke,pcoked6,Female,61045
476,Lita Plaskett,lplaskettd7,Female,96654
477,Sandro Jockle,sjockled8,Male,51458
478,Wandis Kuzemka,wkuzemkad9,Female,62193
479,Kin Porritt,kporrittda,Male,52477
480,Ignacius Massel,imasseldb,Male,52287
481,Alejoa Stollard,astollarddc,Non-binary,84722
482,Haroun Digman,hdigmandd,Male,20826
483,Ulrick Frazer,ufrazerde,Male,20693
484,Maryanna Thurlby,mthurlbydf,Female,92631
485,Luella Denisyev,ldenisyevdg,Agender,10982
486,Cathleen Bener,cbenerdh,Female,73456
487,Burke Walkinshaw,bwalkinshawdi,Male,26652
488,Gardy Olech,golechdj,Male,46940
489,Christel McGuffie,cmcguffiedk,Female,17774
490,Emmery Linden,elindendl,Male,22723
491,Fairfax Achrameev,fachrameevdm,Male,23112
492,Brendin Castri,bcastridn,Male,60173
493,Alfonso Scrace,ascracedo,Male,78567
494,Merna Spadollini,mspadollinidp,Female,76363
495,Dyna Spaducci,dspaduccidq,Female,79873
496,Skylar Rowswell,srowswelldr,Male,47503
497,Aldric Guiness,aguinessds,Male,64662
498,Hodge Colborn,hcolborndt,Male,80656
499,Town Yurasov,tyurasovdu,Male,37331
500,Florencia Clemmen,fclemmendv,Female,44695
501,Annice Botwright,abotwrightdw,Female,77986
502,Carolee Burd,cburddx,Female,45854
503,Bradley Sindall,bsindalldy,Male,57502
504,Jeffie Whetnell,jwhetnelldz,Male,43988
505,Quincey Bewley,qbewleye0,Bigender,52158
506,Lamond O'Sesnane,losesnanee1,Male,52615
507,Traci Tavernor,ttavernore2,Female,63003
508,Townsend McQuorkell,tmcquorkelle3,Male,15327
509,Reed Antonoczyk,rantonoczyke4,Male,24072
510,Barbabas Kee,bkeee5,Male,31145
511,Kippy Brimble,kbrimblee6,Female,75971
512,Oren Purshouse,opurshousee7,Male,16778
513,Ellwood Whitehall,ewhitehalle8,Male,92156
514,Faye Eagell,feagelle9,Female,96214
515,Kristien Ribbens,kribbensea,Female,25575
516,Cammy Alleyn,calleyneb,Agender,58740
517,Jay Harflete,jharfleteec,Male,61779
518,Seka Corser,scorsered,Female,76690
519,Dunstan Waplington,dwaplingtonee,Male,96998
520,Joey Bogaert,jbogaertef,Female,97777
521,Erny MacDougal,emacdougaleg,Male,49630
522,Teresina McDonnell,tmcdonnelleh,Female,31730
523,Arabella Kiddle,akiddleei,Female,28056
524,Peter Sweeten,psweetenej,Male,68494
525,Vera Stean,vsteanek,Female,73028
526,Willette Leggen,wleggenel,Female,13761
527,Brenden Kellog,bkellogem,Male,39886
528,Norrie Hedgeman,nhedgemanen,Male,38075
529,Megen Struther,mstruthereo,Female,78545
530,Yoko Jozefczak,yjozefczakep,Female,74317
531,Nahum Shera,nsheraeq,Male,67336
532,Kaitlyn Merry,kmerryer,Female,39065
533,Fonsie Bullock,fbullockes,Male,26177
534,Arv Filippone,afilipponeet,Male,93971
535,Stacee Iorio,siorioeu,Male,74177
536,Horton Colrein,hcolreinev,Male,22519
537,Vidovik Anyon,vanyonew,Male,88012
538,Fowler Evesque,fevesqueex,Male,11085
539,Adelaida Rodenburgh,arodenburghey,Female,65362
540,Frances Ottery,fotteryez,Female,67246
541,Brenna Jacmard,bjacmardf0,Non-binary,53170
542,Danny Secker,dseckerf1,Male,85967
543,Lawrence Franssen,lfranssenf2,Male,51943
544,Zorina Hame,zhamef3,Female,83977
545,Caro Hainey,chaineyf4,Genderfluid,32337
546,Lind Alonso,lalonsof5,Female,52389
547,Maynard Lacaze,mlacazef6,Male,50508
548,Hamel Lindner,hlindnerf7,Male,59770
549,Janifer Gerrit,jgerritf8,Female,16922
550,Northrup De Lasci,ndef9,Male,89385
551,Calida Pinnell,cpinnellfa,Female,73328
552,Carey MacMarcuis,cmacmarcuisfb,Female,72007
553,Domenico Stimpson,dstimpsonfc,Male,56527
554,Maiga Raphael,mraphaelfd,Female,43138
555,Sky Giroldo,sgiroldofe,Male,43227
556,Winifield Vawton,wvawtonff,Male,24945
557,Sheridan Mutton,smuttonfg,Male,90571
558,Roxi Stoffel,rstoffelfh,Female,26914
559,Lavina Boyat,lboyatfi,Female,38391
560,Frans Kite,fkitefj,Male,72522
561,Danell Crowther,dcrowtherfk,Genderqueer,77596
562,Sorcha Vanetti,svanettifl,Female,99454
563,Robbie Sives,rsivesfm,Polygender,21961
564,Amos Tosney,atosneyfn,Polygender,68193
565,Averell Brenton,abrentonfo,Male,49085
566,Waring Marquess,wmarquessfp,Non-binary,48352
567,Nigel Crocket,ncrocketfq,Male,82069
568,Audrie Wathey,awatheyfr,Female,18180
569,Meyer Rummings,mrummingsfs,Non-binary,97912
570,Duke MacMeeking,dmacmeekingft,Male,17124
571,Alyse Crudge,acrudgefu,Female,62436
572,Koralle Ockenden,kockendenfv,Female,51202
573,Bard Cordle,bcordlefw,Male,15876
574,Bryant Wynrehame,bwynrehamefx,Male,25603
575,Herb Gallaway,hgallawayfy,Male,98826
576,Imogen Bartaletti,ibartalettifz,Female,33902
577,Elaina Ascraft,eascraftg0,Female,65265
578,Korie Artharg,karthargg1,Female,33291
579,Freddy Hannay,fhannayg2,Male,24195
580,Kaitlynn Cresar,kcresarg3,Female,14997
581,Zelma Annwyl,zannwylg4,Female,67377
582,Sheree Posselt,sposseltg5,Female,84125
583,Ibrahim Posselwhite,iposselwhiteg6,Male,30850
584,Lenna Heynel,lheynelg7,Agender,84438
585,Dalston Erickson,dericksong8,Male,27712
586,Had Jepson,hjepsong9,Male,17061
587,Alysia Tinton,atintonga,Female,66665
588,Helena Ahern,haherngb,Female,76327
589,Leigha Wollard,lwollardgc,Female,37394
590,Cherilyn MacTerlagh,cmacterlaghgd,Female,84663
591,Helyn Sweetnam,hsweetnamge,Female,76018
592,Rollo Tante,rtantegf,Male,80933
593,Valerie Bucknill,vbucknillgg,Female,33439
594,Sherman Cuniam,scuniamgh,Male,16042
595,Daffie Wasbey,dwasbeygi,Female,11685
596,Ferrell Beamond,fbeamondgj,Male,12429
597,Piotr Bachura,pbachuragk,Male,42382
598,Jedediah Baldacco,jbaldaccogl,Male,58388
599,Jefferey Yole,jyolegm,Male,12352
600,Walliw Bollard,wbollardgn,Female,72568
601,Janis Bengtsen,jbengtsengo,Female,17183
602,Hillel Stambridge,hstambridgegp,Male,48386
603,Orton Krzysztof,okrzysztofgq,Male,28221
604,Tabby Schooling,tschoolinggr,Female,83538
605,Yalonda Ropars,yroparsgs,Female,93654
606,Ellswerth Goldis,egoldisgt,Male,63549
607,Keeley Crannis,kcrannisgu,Female,62330
608,Christiano Harriskine,charriskinegv,Male,99971
609,Agnella Tomet,atometgw,Polygender,80982
610,Odette Copnell,ocopnellgx,Female,27315
611,Rosemary Lotherington,rlotheringtongy,Female,52705
612,Edgardo Angrick,eangrickgz,Male,21599
613,Pyotr Frounks,pfrounksh0,Male,98182
614,Byram Neumann,bneumannh1,Male,15287
615,Jamie Heinreich,jheinreichh2,Female,26612
616,Halli Scuffham,hscuffhamh3,Female,64645
617,Rae Ivakhnov,rivakhnovh4,Female,52356
618,Chicky Edlington,cedlingtonh5,Female,82053
619,Martelle Boate,mboateh6,Female,72536
620,Cindra Shaw,cshawh7,Female,15731
621,Julissa Postance,jpostanceh8,Female,70590
622,Emmanuel Ginn,eginnh9,Male,34239
623,Ilyssa Moring,imoringha,Female,94771
624,Jimmie Kindall,jkindallhb,Male,11875
625,Vi Chittenden,vchittendenhc,Agender,18453
626,Celesta Clara,cclarahd,Female,55428
627,Gaile Birkenhead,gbirkenheadhe,Male,83867
628,Abelard Erwin,aerwinhf,Male,40616
629,Craig Mudle,cmudlehg,Male,79984
630,Hobey Featherstonhalgh,hfeatherstonhalghhh,Male,51864
631,Dene Barhams,dbarhamshi,Male,51684
632,Graig Warnock,gwarnockhj,Male,92588
633,Susette Surgood,ssurgoodhk,Female,30771
634,Briana Hayball,bhayballhl,Female,56329
635,Emerson MacKenney,emackenneyhm,Male,96363
636,Borg Lorans,bloranshn,Male,23935
637,Pauli Young,pyoungho,Female,15238
638,Cristian Palfree,cpalfreehp,Genderqueer,46645
639,Fanya Hansie,fhansiehq,Female,22417
640,Korry Scimoni,kscimonihr,Female,33328
641,Merwyn Ferrone,mferronehs,Male,21496
642,Jermain Camber,jcamberht,Male,72071
643,Mandy Dran,mdranhu,Female,49411
644,Tootsie Maneylaws,tmaneylawshv,Female,90387
645,Lorelle Rekes,lrekeshw,Female,49338
646,Urson MacGowan,umacgowanhx,Bigender,48840
647,Edyth Jurges,ejurgeshy,Female,30175
648,Adlai Gosby,agosbyhz,Male,40235
649,Silvio Belchamber,sbelchamberi0,Male,37931
650,Lowrance Neiland,lneilandi1,Male,76799
651,Stacee Sheehy,ssheehyi2,Agender,18353
652,Mechelle Tregunnah,mtregunnahi3,Female,33001
653,Drake Sinisbury,dsinisburyi4,Male,87511
654,Rufus Listone,rlistonei5,Male,59422
655,Sargent Sesser,ssesseri6,Male,68487
656,Wilone Kitney,wkitneyi7,Female,38934
657,Zilvia De Cruz,zdei8,Polygender,92682
658,Husain Stouther,hstoutheri9,Male,58983
659,Obediah Dinnage,odinnageia,Male,15472
660,Shell Derdes,sderdesib,Male,54443
661,Nil Olenchikov,nolenchikovic,Male,97448
662,Hew Eye,heyeid,Male,37877
663,Aurora Bleasby,ableasbyie,Female,96145
664,Hester Thurby,hthurbyif,Female,12983
665,Dunstan Pinor,dpinorig,Male,64111
666,Wynny Mann,wmannih,Female,93432
667,Aubert Dohmer,adohmerii,Male,97614
668,Johann Bamb,jbambij,Male,50148
669,Rip Kluger,rklugerik,Male,69229
670,Hallsy McCandless,hmccandlessil,Male,89222
671,Dulsea Crossfeld,dcrossfeldim,Female,52097
672,Cassondra Woltman,cwoltmanin,Female,53674
673,Malinda Boxell,mboxellio,Female,44893
674,Townie Zink,tzinkip,Male,36252
675,Rupert Venner,rvenneriq,Genderqueer,21031
676,Letisha Veryan,lveryanir,Female,48557
677,Coreen Wardrop,cwardropis,Female,65523
678,Jesse Rolfe,jrolfeit,Female,11837
679,Gwenneth Stare,gstareiu,Female,95257
680,Zsa zsa Plumbley,zzsaiv,Female,11248
681,Kalila Lally,klallyiw,Female,98298
682,Jamill Mussolini,jmussoliniix,Male,53529
683,Eda Gergus,egergusiy,Female,97226
684,Dannye McGrey,dmcgreyiz,Agender,72865
685,Andie Barracks,abarracksj0,Male,47232
686,Zorina McLaughlan,zmclaughlanj1,Genderqueer,91957
687,Gwennie Caesar,gcaesarj2,Female,64342
688,Ardisj Duthy,aduthyj3,Agender,65281
689,Marsiella Battams,mbattamsj4,Female,81366
690,Cathy Windibank,cwindibankj5,Female,69431
691,Inness Braden,ibradenj6,Male,61201
692,Hershel Wabe,hwabej7,Male,32844
693,Helyn Lefeaver,hlefeaverj8,Female,38004
694,Gabriello Lampel,glampelj9,Male,10029
695,Rodi Raitt,rraittja,Genderqueer,65042
696,Yancy Raimbauld,yraimbauldjb,Male,78984
697,Leena Hairs,lhairsjc,Female,75246
698,Kellia Kidman,kkidmanjd,Female,98855
699,Bobby Swiggs,bswiggsje,Male,84300
700,Susi Dampier,sdampierjf,Female,23189
701,Adda Irons,aironsjg,Female,38257
702,Glen MacCleay,gmaccleayjh,Female,59791
703,Marian Shoosmith,mshoosmithji,Female,88167
704,Kaiser Roback,krobackjj,Male,62305
705,Wyatan Raoult,wraoultjk,Male,25810
706,Yoshiko Iacovielli,yiacoviellijl,Female,77985
707,Coretta Scurry,cscurryjm,Female,47251
708,Artemus Gilmour,agilmourjn,Male,45914
709,Maurizio Dovidaitis,mdovidaitisjo,Male,86208
710,Garrett Boxill,gboxilljp,Male,89157
711,Rianon Ackenhead,rackenheadjq,Agender,36513
712,Bethena Barnett,bbarnettjr,Female,23681
713,Matias Pryn,mprynjs,Agender,66814
714,Linell Woodison,lwoodisonjt,Female,94476
715,Corrinne Lydster,clydsterju,Female,62559
716,Burg Jendas,bjendasjv,Male,25172
717,Oralle Minister,oministerjw,Female,50257
718,Nolie Noblett,nnoblettjx,Female,37011
719,Nerty Buyers,nbuyersjy,Female,33463
720,Omero Lyle,olylejz,Male,27802
721,Mirabel Brower,mbrowerk0,Female,42862
722,Jonathan Janeway,jjanewayk1,Male,30015
723,Kellby Rizzello,krizzellok2,Male,47991
724,Rora Stuck,rstuckk3,Female,22699
725,Heidi Younie,hyouniek4,Female,46088
726,Lawton Kidner,lkidnerk5,Male,74012
727,Barrett Donaldson,bdonaldsonk6,Male,96634
728,Mathe McGrory,mmcgroryk7,Male,11579
729,Monroe Anstead,mansteadk8,Male,99506
730,Ode Albertson,oalbertsonk9,Male,13118
731,Derrick Wellings,dwellingska,Male,82452
732,Anderson Poznan,apoznankb,Male,87871
733,Gloriana Flood,gfloodkc,Female,94785
734,Ivette Cours,icourskd,Female,76358
735,Becka Hellsdon,bhellsdonke,Female,12739
736,Winnie Mendel,wmendelkf,Male,92666
737,Elias Wilbore,ewilborekg,Male,40404
738,Lloyd Flitcroft,lflitcroftkh,Bigender,97479
739,Martita Bauduin,mbauduinki,Female,73918
740,Arlen Haveline,ahavelinekj,Female,47516
741,Charisse Middle,cmiddlekk,Genderqueer,36640
742,Bunny Rashleigh,brashleighkl,Female,53234
743,Aurie Mathiasen,amathiasenkm,Female,35921
744,Craggy Marcos,cmarcoskn,Male,28461
745,Udale Budding,ubuddingko,Male,54424
746,Reena Strode,rstrodekp,Female,21455
747,Josy Jamieson,jjamiesonkq,Female,43304
748,Kathi McNair,kmcnairkr,Female,10842
749,Sinclair Slobom,sslobomks,Male,75640
750,Emmalee Cassels,ecasselskt,Female,73803
751,Sophie Clemenzi,sclemenziku,Agender,45441
752,Ula Rawsen,urawsenkv,Female,46808
753,Davina Pyser,dpyserkw,Female,29395
754,Andree Carme,acarmekx,Female,22313
755,Marielle Dodson,mdodsonky,Female,32250
756,Yehudi Volleth,yvollethkz,Male,61904
757,Derwin Ashbe,dashbel0,Male,39743
758,Drew Sterland,dsterlandl1,Male,82374
759,Rab Darkins,rdarkinsl2,Male,63942
760,Nevile Launchbury,nlaunchburyl3,Male,13628
761,Fidela Kubasiewicz,fkubasiewiczl4,Female,29898
762,Any Plues,apluesl5,Male,10607
763,Grant Basill,gbasilll6,Male,33827
764,Gregoor Stelljes,gstelljesl7,Male,84666
765,Janot Parrett,jparrettl8,Female,51234
766,Garfield Tyzack,gtyzackl9,Male,59607
767,Tim Alvarado,talvaradola,Male,62941
768,Millisent Fowler,mfowlerlb,Female,82559
769,Marylinda Grimstead,mgrimsteadlc,Female,31671
770,Arielle Kirley,akirleyld,Female,54740
771,Isadore Farmer,ifarmerle,Male,29971
772,Rip Stienton,rstientonlf,Male,50508
773,Clarice Begent,cbegentlg,Female,30397
774,Griffy Haistwell,ghaistwelllh,Male,43639
775,Chariot Benian,cbenianli,Male,48230
776,Ximenez Swinney,xswinneylj,Male,57723
777,Ansley Piniur,apiniurlk,Female,63947
778,Ernesto Ribchester,eribchesterll,Male,79254
779,Monique Fisbburne,mfisbburnelm,Female,26706
780,Ronica Fothergill,rfothergillln,Female,50440
781,Delmer Burtwell,dburtwelllo,Male,58589
782,Alair Estick,aesticklp,Male,83631
783,Peder Brinkley,pbrinkleylq,Male,73274
784,Wittie Lapham,wlaphamlr,Male,10355
785,Federica Wharby,fwharbyls,Female,29522
786,Berkly McKeighan,bmckeighanlt,Male,81287
787,Krishnah Beine,kbeinelu,Bigender,58409
788,Roxane Forgan,rforganlv,Female,78985
789,Wayne Westmarland,wwestmarlandlw,Male,20555
790,Cleavland Pettiward,cpettiwardlx,Male,71442
791,Ara Ffoulkes,affoulkesly,Male,16050
792,Obie Grimme,ogrimmelz,Male,35464
793,Shell Moors,smoorsm0,Female,25508
794,Gabriela Churchlow,gchurchlowm1,Female,55501
795,Archaimbaud Corssen,acorssenm2,Male,68768
796,Reinhard Prestney,rprestneym3,Male,85950
797,Delila Meneo,dmeneom4,Female,72767
798,Beatrice Danilishin,bdanilishinm5,Female,98642
799,Skipper Coatsworth,scoatsworthm6,Male,72099
800,Noreen Ostrich,nostrichm7,Female,94780
801,Carin Odde,coddem8,Female,79240
802,Rosene Maulin,rmaulinm9,Female,90523
803,Reeba Bevir,rbevirma,Female,70085
804,Annice Anfusso,aanfussomb,Female,32182
805,Hillier Addekin,haddekinmc,Male,21359
806,Ronnie Nasey,rnaseymd,Male,26802
807,Marietta Lynn,mlynnme,Female,76560
808,Karel Charette,kcharettemf,Female,85524
809,Auberon Wildman,awildmanmg,Male,43269
810,Zacharie Gulk,zgulkmh,Male,57212
811,Jeffrey Gallone,jgallonemi,Male,74925
812,Timoteo Jope,tjopemj,Male,47280
813,Nickolai Hutsby,nhutsbymk,Male,53980
814,Joshuah Goggins,jgogginsml,Male,17065
815,Eugenia Pullin,epullinmm,Female,45222
816,Stevie Lusk,sluskmn,Male,75137
817,Auroora Roddick,aroddickmo,Female,33348
818,Alaine Britnell,abritnellmp,Female,78764
819,Aaren Cleere,acleeremq,Female,24231
820,Ambros Pembridge,apembridgemr,Male,68233
821,Lu McLauchlin,lmclauchlinms,Female,71885
822,Philipa Gilston,pgilstonmt,Female,14027
823,Rod Leggatt,rleggattmu,Male,97716
824,Savina Queyos,squeyosmv,Female,15438
825,Shurlocke Demkowicz,sdemkowiczmw,Male,85541
826,Lawrence Gatheridge,lgatheridgemx,Male,96599
827,Carl Forsaith,cforsaithmy,Male,19882
828,Worden Willett,wwillettmz,Non-binary,83257
829,Rossy Kenwyn,rkenwynn0,Male,81340
830,Keary Ruzek,kruzekn1,Male,77383
831,Lyndel Margrie,lmargrien2,Female,41735
832,Shannen Dils,sdilsn3,Female,98146
833,Rollin Van der Daal,rvann4,Male,36810
834,Beulah Agirre,bagirren5,Female,87871
835,York Georgius,ygeorgiusn6,Male,64987
836,Nero Oselton,noseltonn7,Bigender,37104
837,Danyelle Mountford,dmountfordn8,Female,23237
838,Hyacinthe McCrum,hmccrumn9,Female,16932
839,Karilynn Addeycott,kaddeycottna,Female,36948
840,Rowen Garrold,rgarroldnb,Male,46946
841,Sioux Cornier,scorniernc,Female,25516
842,Elsworth Urridge,eurridgend,Male,31472
843,Myles Pembery,mpemberyne,Male,45761
844,Horacio Shapira,hshapiranf,Male,23091
845,Simmonds Lowson,slowsonng,Male,24930
846,Merv Leyland,mleylandnh,Male,23279
847,Lamar Pawley,lpawleyni,Male,99691
848,Skipton Smieton,ssmietonnj,Male,67875
849,Rivalee O'Doghesty,rodoghestynk,Female,99412
850,Benjamen Pouton,bpoutonnl,Male,49994
851,Rosco Johanchon,rjohanchonnm,Male,51304
852,Reinold Flagg,rflaggnn,Male,75981
853,Geri Splevin,gsplevinno,Female,85094
854,Olympia Tipler,otiplernp,Female,77871
855,Rollo MacGibbon,rmacgibbonnq,Male,96165
856,Morgun Gatling,mgatlingnr,Male,33341
857,Elissa Petracci,epetraccins,Bigender,90827
858,Adham Scarce,ascarcent,Male,31025
859,Lewes Canizares,lcanizaresnu,Male,31752
860,Irina Dimberline,idimberlinenv,Female,25169
861,Ira Cuerdall,icuerdallnw,Male,90775
862,Carny Letixier,cletixiernx,Male,42075
863,Kermy Sackey,ksackeyny,Male,49818
864,Franny Azema,fazemanz,Female,60048
865,Cull Esgate,cesgateo0,Male,88260
866,Melisande Stitch,mstitcho1,Female,48118
867,Freddy Schirak,fschirako2,Male,85981
868,Kylila Baxster,kbaxstero3,Female,80683
869,Rorie Schwandermann,rschwandermanno4,Genderfluid,24572
870,Tanitansy Quartermaine,tquartermaineo5,Female,27693
871,Grenville Crichmer,gcrichmero6,Male,11999
872,Cornela Bromage,cbromageo7,Female,56191
873,Henrie Janowicz,hjanowiczo8,Female,15928
874,Neilla Lamkin,nlamkino9,Female,82651
875,Erminia Curee,ecureeoa,Female,29719
876,Olimpia Abys,oabysob,Female,73959
877,Dominica Macrae,dmacraeoc,Female,16221
878,Kahlil Schreurs,kschreursod,Male,98871
879,Uriel Yexley,uyexleyoe,Male,89377
880,Aggie Camps,acampsof,Female,41782
881,Webster Wike,wwikeog,Male,72935
882,Hulda Sercombe,hsercombeoh,Bigender,59318
883,Matthus Traut,mtrautoi,Male,24645
884,Carlie Bunclark,cbunclarkoj,Female,58101
885,Jamie Champniss,jchampnissok,Non-binary,47188
886,Brodie Yoxall,byoxallol,Male,94214
887,Godard Clail,gclailom,Male,26767
888,Fawne Kalinsky,fkalinskyon,Female,20952
889,Elicia Coldwell,ecoldwelloo,Female,18127
890,Benton Richly,brichlyop,Genderfluid,69915
891,Brockie Haygreen,bhaygreenoq,Male,18679
892,Katine Ingolotti,kingolottior,Polygender,70973
893,Cindy McPhilemy,cmcphilemyos,Female,22036
894,Kattie Fareweather,kfareweatherot,Female,70936
895,Gilbert Yellowlee,gyellowleeou,Male,99998
896,Faye Schiesterl,fschiesterlov,Female,58633
897,Byrom Tullett,btullettow,Male,15841
898,Bryana Alsobrook,balsobrookox,Female,88328
899,Dyanna Hatchett,dhatchettoy,Female,37784
900,Dennison Grigoriev,dgrigorievoz,Male,13294
901,Philippine Beachamp,pbeachampp0,Female,62220
902,Rahal McCarrison,rmccarrisonp1,Female,39836
903,Teddie Fouch,tfouchp2,Female,28810
904,Allina Raselles,arasellesp3,Female,17443
905,Ilsa Pople,ipoplep4,Female,79057
906,Donny Delaprelle,ddelaprellep5,Male,80753
907,Celle Heigold,cheigoldp6,Female,24057
908,Tymothy Wildgoose,twildgoosep7,Male,67855
909,Anatola Twine,atwinep8,Female,19452
910,Cos McHardy,cmchardyp9,Male,58308
911,Nil Kemetz,nkemetzpa,Male,30903
912,Daryle Eke,dekepb,Male,49890
913,Heath Mourge,hmourgepc,Female,26231
914,Brander Bartaloni,bbartalonipd,Male,22516
915,Inga Cettell,icettellpe,Female,99894
916,Em Fellow,efellowpf,Male,75046
917,Lela Hallford,lhallfordpg,Female,62170
918,Phylys Middis,pmiddisph,Female,20954
919,Griffith Petlyura,gpetlyurapi,Agender,30366
920,Gaultiero Coldwell,gcoldwellpj,Male,20970
921,Reuven Giannazzi,rgiannazzipk,Polygender,56740
922,Maynord Ebbrell,mebbrellpl,Male,44956
923,Camilla Mechi,cmechipm,Female,29066
924,Anders Paley,apaleypn,Male,81307
925,Early Widocks,ewidockspo,Male,40650
926,Welch Franca,wfrancapp,Male,75838
927,Eliza Strain,estrainpq,Female,38545
928,Lydia Vasse,lvassepr,Genderqueer,85375
929,Berkeley Caslin,bcaslinps,Male,54325
930,Curtis Amyes,camyespt,Male,32602
931,Lanie Beretta,lberettapu,Male,41463
932,Ilse Spennock,ispennockpv,Female,67731
933,Maggie Danilowicz,mdanilowiczpw,Female,48091
934,Goddard Hastelow,ghastelowpx,Male,94204
935,Hadria Penquet,hpenquetpy,Female,97764
936,Yance Berceros,ybercerospz,Male,32160
937,Sylvester Hinchshaw,shinchshawq0,Male,38899
938,Ware Guswell,wguswellq1,Male,48043
939,Peyton Wreak,pwreakq2,Male,19874
940,Ambrosio Ternouth,aternouthq3,Male,23680
941,Sutton Forbes,sforbesq4,Male,26566
942,Jermain McCool,jmccoolq5,Male,63751
943,Cayla Leydon,cleydonq6,Female,67360
944,Blayne Tomovic,btomovicq7,Male,24876
945,Odelle Trayling,otraylingq8,Female,52782
946,Danyelle Paulat,dpaulatq9,Female,38828
947,Morie Tollow,mtollowqa,Male,52422
948,Skelly Mennithorp,smennithorpqb,Male,41027
949,Clevie Gatesman,cgatesmanqc,Male,98117
950,Jayme Skyme,jskymeqd,Female,95616
951,Brice Dacombe,bdacombeqe,Male,90381
952,Bentlee Povey,bpoveyqf,Male,72200
953,Chaunce Petracek,cpetracekqg,Male,39792
954,Betsey Emmott,bemmottqh,Genderqueer,35618
955,Elwin Willans,ewillansqi,Male,10374
956,Erica Fydo,efydoqj,Female,98264
957,Antonella Fippe,afippeqk,Female,63344
958,Murial Scurrell,mscurrellql,Genderqueer,29624
959,Guenevere Caughte,gcaughteqm,Female,85343
960,Caralie Vigneron,cvigneronqn,Female,39665
961,Caron Grogor,cgrogorqo,Female,57468
962,Barri Roblou,broblouqp,Male,18639
963,Aura Linney,alinneyqq,Female,27425
964,Ronny Gleed,rgleedqr,Male,43503
965,Cornela Durrell,cdurrellqs,Female,27191
966,Cobbie Tingey,ctingeyqt,Male,56598
967,Ted Mellmer,tmellmerqu,Polygender,64778
968,Trefor Soppitt,tsoppittqv,Male,29253
969,Toinette Wardell,twardellqw,Female,74905
970,Cassaundra Gumary,cgumaryqx,Female,79175
971,Far Leeuwerink,fleeuwerinkqy,Male,53291
972,Davide Livingston,dlivingstonqz,Male,38174
973,Noak Theobold,ntheoboldr0,Male,81336
974,Rudy Laste,rlaster1,Male,20409
975,Alden Rhodef,arhodefr2,Male,44852
976,Launce Langfat,llangfatr3,Male,96165
977,Cristabel Loines,cloinesr4,Female,10618
978,Wye Renol,wrenolr5,Male,58502
979,Lorinda Attack,lattackr6,Female,20276
980,Alyce Eggers,aeggersr7,Female,50633
981,Mahmoud Sprowle,msprowler8,Male,37868
982,Tomas Huerta,thuertar9,Male,69899
983,Yolanthe Fardo,yfardora,Female,78371
984,Bil Wickie,bwickierb,Male,72681
985,Anna-diane Huggill,ahuggillrc,Female,30280
986,Verile Middleditch,vmiddleditchrd,Female,18628
987,Darcy Tissell,dtissellre,Genderfluid,88163
988,Laurence Henker,lhenkerrf,Male,61989
989,Sidonnie Keith,skeithrg,Female,92005
990,Lavena Edworthye,ledworthyerh,Female,36425
991,Tobin Timby,ttimbyri,Male,49320
992,Roderic Woodman,rwoodmanrj,Male,81315
993,Darrin Morbey,dmorbeyrk,Male,43379
994,Betteanne Gossart,bgossartrl,Female,82861
995,Rafaelia MacCallister,rmaccallisterrm,Female,85266
996,Carlynn Swanborough,cswanboroughrn,Female,69503
997,Lisetta Carus,lcarusro,Female,45290
998,Berky Dewar,bdewarrp,Male,90708
999,Eyde Corhard,ecorhardrq,Female,33704
1000,Udell Worsley,uworsleyrr,Male,58051
